file,species
001ef70434f6a3eb5eed71ed727f0aee.png,Small-flowered Cranesbill
0050ee5befb8db3ec3dc387a20f6f99a.png,Charlock
005f95c7a80d7a24808de84f0a647d9b.png,Loose Silky-bent
00baa54ef1cdbf1e08ae9759314a9276.png,Fat Hen
01357f3d88be239cfdf583bc4b949c54.png,Loose Silky-bent
014e30a0846df50bad4415368ffb565f.png,Small-flowered Cranesbill
017bd5eab8e5d029aacf3b63b7bd0882.png,Charlock
01a1f3977aaa5f7bf2d48a6059ac56f6.png,Common Chickweed
01ca14e1494a04ec81c557a0e2c942ef.png,Sugar beet
01f9ffc219cc466e8eddc52b354358df.png,Scentless Mayweed
024fb3ff7a0807401a70d347eaa26e70.png,Sugar beet
026927f77a893ece3f1ce49e3ba5fce7.png,Small-flowered Cranesbill
02948cc52977b88cfd4ff1691732f14e.png,Loose Silky-bent
02ab1e042b9881794b5fe202e4db2f6b.png,Loose Silky-bent
040da2aa568005e543b7306e9e3f1cd8.png,Small-flowered Cranesbill
04aebf9632278c3ab55424709aa458dc.png,Loose Silky-bent
04c29e347962de1ba3fec986861efb04.png,Common Chickweed
04cfbe0298e1797153c29136f97a8c7d.png,Common Chickweed
05b0ef840cabebe5145318d9c21e3c1d.png,Loose Silky-bent
05b96260abe5aeddb77cc285e7ab6ce8.png,Cleavers
05f51347215f49997b56066b62d3382a.png,Shepherd’s Purse
060eb14ea47a03d77c6f84c1cde7e26c.png,Common Chickweed
068b44f800a57577bf539ccd88e737c7.png,Loose Silky-bent
068fb4981b3103c1bda308880c8c80e9.png,Small-flowered Cranesbill
0696130b21de4398b1f8ffa728351f61.png,Black-grass
06a17690fe90e18ee3f62b82d8cd3ae8.png,Fat Hen
072d98133b28805b82e586376fc28ce6.png,Small-flowered Cranesbill
0733e232ec66f69cd26d074d0032d57c.png,Fat Hen
077297aba127bb1b08957fa2bd955c7a.png,Fat Hen
0788f95fd65308826dfbfd63356d7e3b.png,Loose Silky-bent
07b91e9c199e0bc3cabd99c391569fd8.png,Scentless Mayweed
07d0a5659c081fa16dc20e8d5805dce4.png,Common Chickweed
07e6d5be4c9c864c4196b64fe72b4a31.png,Charlock
0811b42cc8008922a941b8dcdc1a6ed3.png,Scentless Mayweed
082a40a1d18d18d08132d4475baa8022.png,Common Chickweed
084d46562156eb60ff6547d7a9a5d00d.png,Fat Hen
0911463bcefc53abfe35d5a8be96a557.png,Common Chickweed
09374963af4568a5db21dcad1f0bffa2.png,Small-flowered Cranesbill
09906de0e60eecea8000d86879fe293b.png,Scentless Mayweed
09d0cd1027584e266892bf340b6918cd.png,Loose Silky-bent
0a1289a7885a8521002d31cff8129188.png,Scentless Mayweed
0a2ea8814e19ee736c7a30bf2004542f.png,Scentless Mayweed
0a31e86e999a827a14b7b2b68b7ca191.png,Common Chickweed
0a879d5ff731eac22adfe4be82045010.png,Common Chickweed
0b53d3421f971bf9e30b2decae7842dd.png,Shepherd’s Purse
0b627020a3d4f52d2fd3cb2fed135dc0.png,Loose Silky-bent
0c2cf8e7719aed83c61cc17294c11a82.png,Common Chickweed
0c5f921d34ad061384f2a4bb2828c2df.png,Common Chickweed
0c8098935a70243273e2d4c3593acb33.png,Loose Silky-bent
0cafa4d1cc282d8b3449d4290f94cd37.png,Common Chickweed
0d4e6426a9ed8cc9f3552d04536511bd.png,Small-flowered Cranesbill
0dafed9bbe9beeaab27f913a7a2f1ebd.png,Loose Silky-bent
0db435ea926e3ffaaab2fa38818b3b30.png,Common Chickweed
0dbab45cdecf9cac680054eaa2cd1ca1.png,Cleavers
0de0a566bfba72f934d601d644e2f9ff.png,Loose Silky-bent
0dfadf4906aac87dacc68208fb54b3f0.png,Small-flowered Cranesbill
0e096f7889c4f074ed1615e8bcb8f6b9.png,Fat Hen
0e3abd413ad0e37a7721568c72fcdf2a.png,Sugar beet
0e7dea5901b218d61837cddc85c54459.png,Loose Silky-bent
0e8914037576c55d1aa86412a0ef287f.png,Common Chickweed
0ea1c45f28285e58f627857204e0a0c3.png,Loose Silky-bent
0f066c5e20c21b0116c6b14c6378cb4f.png,Loose Silky-bent
0f740cde0ffcb84842f8a69d2877078b.png,Small-flowered Cranesbill
108f9f7f08e1ca52cdfc727911d95162.png,Charlock
10b8130485e5b660c9a85f5ed7f1a79c.png,Charlock
10f373ead5a80c79aa7e2993e7ebcf60.png,Loose Silky-bent
1187dc0c4b8bdd9323b0b403b978044f.png,Common Chickweed
1252ce79aaf3678ceccc81d091bbe89e.png,Small-flowered Cranesbill
125b41a436fbdef6166ff0c44be4b225.png,Small-flowered Cranesbill
126193439c6d82b0f540edcea9ed3b15.png,Fat Hen
128b5a8f9526bb4b6f7f6b489465f4bd.png,Loose Silky-bent
128ea95280909fabc1131794f5b1fdc1.png,Charlock
12fabbc8075a2bc2a65265b7c0f9a2b0.png,Common Chickweed
1325a5cfab02f7cf492f310f7b03fb21.png,Common Chickweed
1363137b1fc8b29dd1156b8b7ac322cf.png,Common Chickweed
13c6925f2b7eeeb7fe6fe632b945f1e3.png,Small-flowered Cranesbill
13fc1c7b333d3f637b84f30061e2febe.png,Loose Silky-bent
13feb71c2f0725d0a4f4a09560270fc6.png,Small-flowered Cranesbill
148d93d5b1226bfb29ac3a361cde650c.png,Cleavers
15376c2d633c969264a8c14efafc2200.png,Common Chickweed
15387efbcb2b86e2fcef0bced4d1ff0f.png,Sugar beet
15fe4eee424e2dc66891dccbbcaea688.png,Loose Silky-bent
16285047bcb1b28aadbaa56271f3c8da.png,Loose Silky-bent
16441bf0f432cb52db3bd2e96169474f.png,Fat Hen
16ed3a39befbea52ef6dc7f2f496e7b1.png,Common Chickweed
171f9ec84de3d6e81a5f7a94758c763d.png,Loose Silky-bent
179d2cfd65f325456a4d6b900134fe0b.png,Small-flowered Cranesbill
17ae1fcfd9dc2132575d5a89832e2688.png,Loose Silky-bent
17f25f89579298d7cd3c39d6086087c5.png,Fat Hen
1810c9d0fee5829e4b201e9306311e99.png,Common Chickweed
182592ae492b678d0470062a7fac5ef9.png,Common Chickweed
184a7116479df3f21588714401d5ea51.png,Common Chickweed
18d4a5a4cf3436497f208da225192181.png,Loose Silky-bent
19257819434d51764fa608c38c3d51dd.png,Loose Silky-bent
197d479cbed5e55ec558fde230847a91.png,Loose Silky-bent
19fd638630a0ff44d7ad43fe771a233c.png,Cleavers
1a342627b296b58a6beb1bdd314b56e0.png,Fat Hen
1a52b40ced2a563d5baa5c8186137e97.png,Small-flowered Cranesbill
1aa18c35eb6a249b0c4decbc4461be24.png,Charlock
1abc8e298017892440513dc023b22d48.png,Common Chickweed
1af5d5374d32d36628083e014d1d3f3c.png,Loose Silky-bent
1b82bfde40bd000bef84bb0b67bc6b4e.png,Sugar beet
1b877c6e80acc407486b6d6e6c3e7b0f.png,Common Chickweed
1bee579e028060350dd15d0770056de9.png,Small-flowered Cranesbill
1c082be31945090972d0f39bd119cc80.png,Loose Silky-bent
1c1734b1998069e8481801c3324e6abc.png,Common Chickweed
1c28a713f9ea37fa360bf2e2c8f88062.png,Loose Silky-bent
1c4027f195be7af13b55d479e6d19a69.png,Loose Silky-bent
1c6d3a5c27b8d97ab1c99bab7fbdbb17.png,Cleavers
1c9b1af7701a11b871936a3120ab705e.png,Scentless Mayweed
1cc613ff82ed695717f65f152fa46d77.png,Common Chickweed
1ce6ec4c232aea26bb12776d61a5adef.png,Loose Silky-bent
1d047bf419dd2ae476507e908b71626d.png,Sugar beet
1d202fb208698dd97988276ac093cef8.png,Small-flowered Cranesbill
1d9716fd46e6fde4b0e66625ff238fa3.png,Common Chickweed
1e97bb6f1552937f0cb2f039a846c50e.png,Cleavers
1ebadcd54838a8eaf602fb9d13c68184.png,Common Chickweed
1f660a3e7eb8e023eccae05d006ab94d.png,Small-flowered Cranesbill
2060ba75a720f92111502a42e1bb5c9a.png,Loose Silky-bent
208f32d80865ffc2acab96a6892e7058.png,Sugar beet
20c63224f6d809f115ed7db12b250c18.png,Loose Silky-bent
20e8828e776502bd3e7e8cdec34daee3.png,Common Chickweed
20ea4ef4fd9c1ac1e2d7c605ff8fe16c.png,Charlock
212ad38258fe969d8ec7c11fff9ba5e6.png,Cleavers
216433b34a19c6005cf1d166a3b7843e.png,Fat Hen
21fb7b3695cb4e8d78f80b0cf5b50fd9.png,Fat Hen
2223b7efeac24f990ec611c38c7a7109.png,Common Chickweed
22d3e981048f831ea8aa33134be25631.png,Black-grass
23688f086bcecf3b3d4a87fd5f7616fe.png,Loose Silky-bent
23bf2e9ba9106930d4fac907ee88a1a4.png,Loose Silky-bent
23cdee543cdc691f0f7013899a96c8a6.png,Common Chickweed
243b3cf5cff0f04df5156715bb549cd9.png,Sugar beet
243fc310fda39165f85ac0b86cd9a409.png,Small-flowered Cranesbill
244fdbcfd6813beb739cc81ec0a8b46e.png,Cleavers
24abb4035da77b3ae3bd7bdba597c86e.png,Small-flowered Cranesbill
24dc862871051753cb021f9d1e8f421a.png,Loose Silky-bent
250955626c2f30c8fcfbb39ca8355eb7.png,Shepherd’s Purse
251b3ce4899c36243e9cb9bfca609b59.png,Common Chickweed
2541abb9b69b7adfe3627fc3a01b62b6.png,Sugar beet
254fde5c59e2588d81700a8d4df44a74.png,Small-flowered Cranesbill
255eeb663ef382c72d8a7c9e09db94ae.png,Loose Silky-bent
2641785ef3afb1819ad54dfad3e48e5a.png,Scentless Mayweed
266a818c9054c08356155882050d05c5.png,Small-flowered Cranesbill
26933e225782c55bb09aab14aadfee3f.png,Shepherd’s Purse
26ab89ba07d5e996189634a7a233863d.png,Loose Silky-bent
26e7aec9288b7dee4286d5448c4f5483.png,Fat Hen
27a70152b8cf087b6b16487111298094.png,Scentless Mayweed
2803a00302d0c834efbd4e5cd3fdde6b.png,Shepherd’s Purse
286226bfcd8e50b3751b27c3029a0eb9.png,Loose Silky-bent
28c551607a4e04ceb5478eb8d9e428c0.png,Loose Silky-bent
28daf5d67a6db3a8a81abb1893d454c3.png,Loose Silky-bent
28e7b9fa785af653c2ef70dee1ce215e.png,Charlock
29e77e253c35f853123a2af51f7c8a8c.png,Loose Silky-bent
29f7ec6bea064a3b77df4ce7ef81ba88.png,Scentless Mayweed
2a625fd94de12a2255a418d3232d8c54.png,Cleavers
2ab4470b7e51338aa986fd9694befad4.png,Small-flowered Cranesbill
2abd24ed2d524ab27e76f17456a3ca27.png,Sugar beet
2ac96cd1d8608b77b3603033e32dc8ff.png,Loose Silky-bent
2b1b54e591f04136a524aa601867ab80.png,Small-flowered Cranesbill
2b2c772335ba6d41e95173b8be300ddc.png,Charlock
2b64bb7ffb0f1b1e919d9c011426c89e.png,Charlock
2b6ffa46b9d545caf634796ca15c69e2.png,Loose Silky-bent
2c0eca0b5be471f90f307a80588a9f0a.png,Common Chickweed
2c28c79d6cb5dd18fcf8d98aa25d1879.png,Scentless Mayweed
2c39e928bdd6606f3e47ee51b2e348fa.png,Cleavers
2ca80e6cc4093134eeddce7c7f0ada81.png,Loose Silky-bent
2cd46b6653ff5ab749fb1fb7cab9fe41.png,Loose Silky-bent
2ce65684db65a4978c78ae17021cca35.png,Loose Silky-bent
2d0cf6207638fa6efc8c904958406033.png,Sugar beet
2d41b13646f46acccb49cf33105cc1e4.png,Loose Silky-bent
2d4c605cc252a99e8d393cee6e9386b0.png,Cleavers
2dc5ebc512e015d4b5f1a8ed55e07851.png,Shepherd’s Purse
2ddd8f6cff604013dffaadc32a6b64ee.png,Common Chickweed
2ddfaeae09817957cbf8e9de53eea12d.png,Common Chickweed
2e038a08edface396ee70ed23961851b.png,Fat Hen
2e1e61d233b4747cc2ad8f1c71f9613c.png,Loose Silky-bent
2eac3a26e0e2a866cec8283fc0158e7d.png,Small-flowered Cranesbill
2ead6429e6cd3cd6375e6257515890a5.png,Scentless Mayweed
2ec02d683f4483e9383474bdfb5b228e.png,Loose Silky-bent
2ee1bca7e0402e5d1cf45ed1a02833d9.png,Common Chickweed
2ee315a26f385e7adc2c3450b2c462dc.png,Scentless Mayweed
2f03a9557570f0cd63dbd9df8d1a75c6.png,Loose Silky-bent
2f06d706d3142927b5a991def1e5575b.png,Common Chickweed
2f10e9212a249f20ad145788e64705d7.png,Scentless Mayweed
2f7bc3b113800b03f81dac461898b315.png,Loose Silky-bent
2ffb2c82ff1a993d264362ededb9e586.png,Charlock
301217ce040508d51156a0ad3c7c88d1.png,Loose Silky-bent
302cfeeeee70c853e95d5eec331e6c97.png,Loose Silky-bent
302eef9869243c76b983086c872582ce.png,Shepherd’s Purse
304ad6c83e26f391e458a13384dfef95.png,Loose Silky-bent
305883fb49238dd4fca62108fcecc9f9.png,Loose Silky-bent
3098258428c603e5f58ae07c1c56e1a8.png,Loose Silky-bent
30d76584cf0ece384cee5ddee1ed7ad1.png,Scentless Mayweed
310dcd140253069e682d760e25e6a372.png,Loose Silky-bent
3149ea9e5737622a220a039fef8ad124.png,Fat Hen
31ccb28811fd0a86f01feaf4ad37dbfe.png,Loose Silky-bent
31d2780d35450f1c460ed79fde0aaf44.png,Common Chickweed
32bf19578af3bad3573fb92960140fcc.png,Common Chickweed
32c685ba89ff0a118fb9c787ef961c17.png,Loose Silky-bent
32ee88e0b7dc67cdc4e85982d7a2af6e.png,Fat Hen
331eab2ca246d59bb841987fad38d227.png,Cleavers
3348ff898dcea8508ae80ea4037007f3.png,Small-flowered Cranesbill
337f351d5b9653a090557189e726ffe4.png,Scentless Mayweed
33b275cdf5e06c4fc29d1da1188168f0.png,Loose Silky-bent
343b109359fa434a3c0fbee3a16319d3.png,Cleavers
3453d73f7a0113f70912282ed0e6a216.png,Fat Hen
345c2da113940f80be3b4bb7c8f9c31e.png,Black-grass
347a3e4539225f5a7ea802e3be6b6096.png,Loose Silky-bent
34803815484cecab5ab31359fbf3556a.png,Cleavers
34c02016f7c859953a5e3b0ccfb11a51.png,Loose Silky-bent
34d492247b84a770d3f701fc25fe9b5f.png,Shepherd’s Purse
354f92ccd8ffafe70344405218d83b71.png,Loose Silky-bent
356795d97b1f1c13e5a0ea5d5e3b64d3.png,Small-flowered Cranesbill
35a7ae3f1508fb240ad2c126e1c0d0ce.png,Cleavers
35b9a4dfdfdc7ce4075b077cc6cd5710.png,Common Chickweed
35d042c5075be66b063367e32ddf78d2.png,Small-flowered Cranesbill
3629b1f796d4ca9ae00fd0aede3160df.png,Loose Silky-bent
368fc9793b712da252d127eac0269974.png,Fat Hen
369010ee337d968ba067309db59100c3.png,Loose Silky-bent
36b9f563e0c33bcb89a281bf6523bdc9.png,Small-flowered Cranesbill
3718353e067df7ec43942ebbad690aee.png,Cleavers
37339dc001c45016420561ebb69ea7b9.png,Cleavers
374278e3ac58be995053ef79b88fa757.png,Loose Silky-bent
3766128fa91470e9f32ad34420e62593.png,Loose Silky-bent
378150d7212173ad8ee83c1df3ed191e.png,Charlock
37990324f4d2a995b7efa8b263c01cef.png,Black-grass
37ba593366e81e81f3890a81d01d10cd.png,Scentless Mayweed
37efed3e3c880e82398aa85988116de3.png,Small-flowered Cranesbill
381e93d70ae28df5625a2547b1f7a81d.png,Loose Silky-bent
3822be5ffa2413c86be0473abc102ab3.png,Charlock
38546e24d30075f43eee489d9f862cdb.png,Loose Silky-bent
3891b8bda7e0f1943d5466d5203f606a.png,Small-flowered Cranesbill
3976a2e70503339c49f80ca2184f08d4.png,Black-grass
39a49e1ef55417b2ab04cdba3d8b7517.png,Fat Hen
39d179b276f26c6466f2d42fceaed434.png,Charlock
39f1fc4c2b4bc329d5c1a4e19bd5c961.png,Charlock
3a012c3cb11b001fd734883b2ddc42f3.png,Common Chickweed
3a2bea68b29852548ec6b83e3dfdc2f5.png,Loose Silky-bent
3a3d44a893544cea43f9ec17bc0f82bc.png,Common Chickweed
3a4b9625f7814885d1fdf9e5a58af611.png,Loose Silky-bent
3b1199c80fb8d196854e8c3742476f0d.png,Loose Silky-bent
3b12862be91e9d69f865f3c42f47fce3.png,Common Chickweed
3b1cfc8a5345175302caad04ceca782f.png,Small-flowered Cranesbill
3b22641f46ca2a29a680d93f1b11dc95.png,Small-flowered Cranesbill
3b2f222dfb1df759d7a7a9473543796e.png,Shepherd’s Purse
3b6d5258033057da4d395e78cb74a963.png,Small-flowered Cranesbill
3b943d6f96b707b848df3237f3964a62.png,Sugar beet
3b94f14c58c10df7be235646776e2a24.png,Small-flowered Cranesbill
3bf0a58e68a2200239667ab360075539.png,Scentless Mayweed
3c701e13eaa2a05db51b9a5e42819a51.png,Fat Hen
3c7a804835b50045029e2afd9edff41b.png,Shepherd’s Purse
3c7b0bb4fe68084623dd8914d5351391.png,Sugar beet
3c7cb39abff70ba6fba0e5c5835d17a0.png,Charlock
3d00ac087388b20b77cefa52f55ef424.png,Scentless Mayweed
3d35befbb1e9d1355a9e7ccb3655e36e.png,Cleavers
3d5ab6b43e84410263f5c8d69a4460b2.png,Common Chickweed
3da9d6670034c78abb075d1fdc1fdb47.png,Loose Silky-bent
3db87ae7eb709fd3883b943cf4df5b2c.png,Scentless Mayweed
3dc726b5051aedfeddb162617a57212e.png,Loose Silky-bent
3df25e926a2fda2cc0fd3489805c1dd3.png,Loose Silky-bent
3dfb8141b110bc80ca16660aeab82e23.png,Loose Silky-bent
3e08b37e4b336323936d396ba3cb98e2.png,Common Chickweed
3e8c904714c0601faeaf6a845312cd3f.png,Scentless Mayweed
3e924c101518cb22d2ab0f710c238411.png,Fat Hen
3eb6b0530e501de2305612559d8b88fe.png,Sugar beet
3edc3a25cff688d3bb0e344a21eadd4a.png,Loose Silky-bent
3f31f9160696daf410d2852ffa3b388b.png,Fat Hen
3f6c2013d2b4c1dcab806045d05007cf.png,Loose Silky-bent
3fe87f0e81d498b1fd63c92fff5c4947.png,Loose Silky-bent
404c83ea08af9e2043d9c4ace2a8a30d.png,Scentless Mayweed
4052588668f092d0775394e24ea011c7.png,Scentless Mayweed
4069fe89aa13c4a0fb1c7247093828fd.png,Black-grass
406e4d78d000804bc2f9bf488f2e5cfb.png,Loose Silky-bent
4094da1c6b788a73d249b439c28b24dd.png,Common Chickweed
4094f2c2f448dfb920bda6ba298b6284.png,Sugar beet
40b5d7274029ee0889bb6dccb4b0cc44.png,Charlock
40d33ea28dc6efcdc31ca41cba30026c.png,Common Chickweed
40f00fab3565935e4c99504635ea4788.png,Black-grass
40f5a69fa6050661a2e2ffe1b463cc59.png,Fat Hen
40fd6cd3c5f05fa5068fad2647057289.png,Common Chickweed
4190975b1f570ef612cc5b54a61155a5.png,Scentless Mayweed
41c300063853ec844c736c1a2c106675.png,Small-flowered Cranesbill
41e9a9fe6ee1628d7b62dbdb22025dc2.png,Shepherd’s Purse
41ea1d03bad7dbd2095971f534a2f1cc.png,Fat Hen
420a282a637aae39a395a1937f8622b4.png,Small-flowered Cranesbill
4261bb90c1811e5c84712f581923eb08.png,Cleavers
427d3e34ea40084de354cd5be7be02ca.png,Loose Silky-bent
42f99184df28a5b0c05d49944daa51f7.png,Loose Silky-bent
43c08db76932e3aca182346b360ecb4b.png,Common Chickweed
43cc63f30784bf3365a1474cd63fd74a.png,Loose Silky-bent
43d5c314b7238dff4eb2e0929697755d.png,Common Chickweed
43f04ae4b127ca87081d2489cacd22c0.png,Black-grass
440e92b5598b33e0d134a1e3f6ac169a.png,Common Chickweed
44228e5fef0c36e91ae98ef4191974c9.png,Common Chickweed
44cc5d2e09b589d1c57ce1220bc6f39c.png,Loose Silky-bent
44f4c66a0866dbb634821f4734a458c0.png,Loose Silky-bent
45c57ecd8a2253bcf44278e2ec8f50c9.png,Loose Silky-bent
45d16237c34953b1605bbb72a0b6439f.png,Common Chickweed
462ed9a085bca754534bf6ee9450d2c9.png,Charlock
463704164b231012af750a48f23ead58.png,Sugar beet
47060def4d23d1cca49e046aaa3b9e85.png,Small-flowered Cranesbill
472fa280696f1844da09e955b4cd4ce2.png,Sugar beet
4786759f56681b1e0b40b3bc8f4d8357.png,Loose Silky-bent
47a4908fe89ba14eefcab589540d908d.png,Loose Silky-bent
48316418c0a346b5b58ba632e3479587.png,Fat Hen
488f9cb95d7545c1ea9b869fc34c1ab5.png,Common Chickweed
48a7392d93d7a2a3924a95d0edbbca73.png,Loose Silky-bent
48bca104dad6582e760969c3e9d48f45.png,Black-grass
48fc2a9ccc947d134aee565084c88f1b.png,Scentless Mayweed
49083edc0dd19e4787ad6e1031388a80.png,Black-grass
49b0dba52627e88ce65bbac9061f9624.png,Scentless Mayweed
49ba67ec49257498e86d0b08ebf0c60c.png,Scentless Mayweed
49d0c495860797729e4f2e0a57ca4cf9.png,Loose Silky-bent
4ab486ad2a64da5eb77ed6ff40139ad8.png,Loose Silky-bent
4b430d875476b6f09927700cdb8fed98.png,Cleavers
4c098567ca7da94960ab0f80477b4c52.png,Fat Hen
4c5b767e8f1c0b18f6acb4940038c5e7.png,Black-grass
4c92e02bf93f3f8f6d8c010688e443af.png,Loose Silky-bent
4cb329c2495c78178b538b020c38fd32.png,Loose Silky-bent
4d1cce62855590628e3b5eaf92c1220f.png,Common Chickweed
4d4b04f1ed0ebbd8c73bc251d09bbba7.png,Loose Silky-bent
4e3b9969c9650896cd870e5e273d1177.png,Black-grass
4e6f943d7072b70c3c84308c26294074.png,Cleavers
4e86e4ab7d560494fb9220be3e726e38.png,Scentless Mayweed
4ea9bd8b1e0a51b7e1297622148d4dfb.png,Loose Silky-bent
4ebe9b0bbf335c92369de6c6bd7e585c.png,Common Chickweed
4ee3122475d294eaed5eb84839432936.png,Loose Silky-bent
4fb9cd92be8b00ad0150671d7521b1a0.png,Fat Hen
503a9f9bcbe188ea91a01fd1af86682a.png,Loose Silky-bent
51c510ebb9e5b844add7b90f65c127e0.png,Common Chickweed
52e3f0a761638c312c98e5b616d7a3d1.png,Common Chickweed
5320db56ffd46213f99c2a0c68eea3b1.png,Scentless Mayweed
53657f2b4877362b263792be5596d6a3.png,Scentless Mayweed
536ca7174c940c1421d384a4e4c754e3.png,Fat Hen
53859bb9c2c560fe77b07c35b9c56ee7.png,Common Chickweed
53864d0775a218dcafb9d2d2d6d3f0a5.png,Charlock
538df4b9e472ac38072b106a257e6669.png,Scentless Mayweed
53bd91570ea5c4a4629fffbe1059c8ee.png,Scentless Mayweed
5435a86a9aa46d51a0b04a057531f181.png,Loose Silky-bent
546a25f9909b6d3f43c2e27743d2ec07.png,Loose Silky-bent
548853be704859e8e890d06920f29de6.png,Cleavers
548a9bbc4a2e7014ecabad038ca15ae3.png,Small-flowered Cranesbill
548e5cc5314b34f93f8c8e17a6c1e1a7.png,Small-flowered Cranesbill
54cc2be689e6b4c36eafa0552aa95208.png,Loose Silky-bent
555fee1c3769dbcc1192ac3d270400d8.png,Scentless Mayweed
556a7a7cd617037280aae2f78a8a7a16.png,Scentless Mayweed
55ba6f121fe57636ed8a8f2069646959.png,Cleavers
55de69bae746b67b5aa7cd7f77c2c419.png,Scentless Mayweed
5626d78618f95be6cc52433da6da8ce7.png,Cleavers
56d1555eb798f14381dff0b14d9bd8e3.png,Loose Silky-bent
5711159f4ab7b0ce09aa719046c82160.png,Loose Silky-bent
572ec6c09863927362055bec21434db2.png,Sugar beet
57565c1dde3b89815f9006f45b9227c5.png,Black-grass
58617709198d1f4d5a4d7c65c24ab51a.png,Scentless Mayweed
588113c51cfda58b538d94f95699af1f.png,Small-flowered Cranesbill
58bcb1db3c32877e3547649bf54bf6d0.png,Common Chickweed
58e1846d919adc997ebd91eb6bfdb214.png,Scentless Mayweed
593ec842036af9e5c89767f5e82d4203.png,Loose Silky-bent
599c2d4b448067d8844c38db5c470eb1.png,Common Chickweed
59a1eeb6a770502ac9fa2cb844df3faa.png,Small-flowered Cranesbill
59b8f30bdcc33346e683e7ce0a06a3cb.png,Scentless Mayweed
5a1a24e532f5816646fb1f182f0804a5.png,Loose Silky-bent
5a2d2cf70819f3a2e3b65ea514ce0383.png,Common Chickweed
5a31f5cf777a79f9f6a0c620f3562a29.png,Scentless Mayweed
5a356ccfe6482bdaa0b6feb2dfdd51cc.png,Loose Silky-bent
5abadcdf48dc524da4610bbdb9b8549a.png,Common Chickweed
5adf87747dccfaeadc96cfc1da4e9dce.png,Common Chickweed
5ae76cb5108f9fdfb52fec44eb6d0bd8.png,Loose Silky-bent
5af17c71102f51a7cb8f5f00eaac1108.png,Scentless Mayweed
5b25e077d14d2d950f9c37a8c20fca4d.png,Fat Hen
5b59640f0bc0b204319cb43c75ddef45.png,Small-flowered Cranesbill
5ba98ebc38bf407a4544821d3aaa02ed.png,Loose Silky-bent
5bad99cacc45d6245bb240ecf37909e1.png,Small-flowered Cranesbill
5bc8ff01b0aa004a4bf2523da3f8efa4.png,Small-flowered Cranesbill
5bef30f0d8136e44e462620f567cd3d7.png,Fat Hen
5bfb5148f3c29e6f504d6236ee99663b.png,Scentless Mayweed
5c03c3dddcc5f84fb6a53d158e051689.png,Small-flowered Cranesbill
5d1a43672a783a36fa7791678fc3b4bf.png,Common Chickweed
5d34a77b165c79292789209984bdb161.png,Maize
5d3e340e1ce337af419e3f24603f3d6d.png,Common Chickweed
5d6cd112dfb430b3e6bbf23ed5961bbe.png,Charlock
5d90c553ed4fa3b93fb3f0d989b5c8d7.png,Small-flowered Cranesbill
5e9688ed681f0b680d98f17c30781a11.png,Small-flowered Cranesbill
5f00ec4796f58e62c4e7851f72bb3d6b.png,Loose Silky-bent
5f4aaf17d1fdd9cb23c6f4fb8930ff8a.png,Common Chickweed
5fdcf4e131b78be95a5aa000371873a5.png,Common Chickweed
60583b0849c8d145f3c3d3387b4c45af.png,Loose Silky-bent
60edcbf97edeef07652ebf325cf4c5c7.png,Loose Silky-bent
6159bdd69aebb19d9f47aba310baa0a5.png,Small-flowered Cranesbill
615e6ec0788d8e6b00ba34a35706b45e.png,Scentless Mayweed
61603cce580f3b47ff47a566a1fe0e79.png,Maize
61991a5646247f74dcbd25bb5e674426.png,Cleavers
6203103341438fe678b0a976463dcd00.png,Loose Silky-bent
625a4c65583696340dd235f3d7d5fa46.png,Loose Silky-bent
625ef5c386c9502395b0f821089cabed.png,Cleavers
6270c154defe46381c1d879c769ef2b9.png,Fat Hen
62e767d2c4cff02b6a50aeb39922b884.png,Loose Silky-bent
62f804551c25d8d1657eff607ef3eda7.png,Maize
63392c7a1170763ba56568e8bf74be6b.png,Loose Silky-bent
6355f516a6a83cf7448dff2d3b2269a9.png,Common Chickweed
635c09c458862845436fc30b76a2aefb.png,Sugar beet
63cf7bae5afb0aca3339eff635ab1627.png,Loose Silky-bent
63d66a79cf235e4ce3f27210c6a53613.png,Loose Silky-bent
64065c7f4e142197210bceb115a2fa84.png,Loose Silky-bent
64275446fdfcf6160e6ba659ab00198a.png,Small-flowered Cranesbill
6548c7e6f81f7a0c3f4c9d462aa1e503.png,Common Chickweed
656438c96ea1df7436632202de28ceb6.png,Common Chickweed
6585bd8ae19b64d1267f9f4e9bac5a25.png,Cleavers
65995fd265a89a9ea057d00d50aad031.png,Loose Silky-bent
65d9bb8b98bf3cfb75f0e7b69a2ba047.png,Shepherd’s Purse
66430e8ef4eec5d42a9d2d0b980bfe14.png,Charlock
666e6da6fde4d14cc2f06344ba484cc0.png,Common Chickweed
6675fa97f62a1c67c9c07348f2c400fd.png,Loose Silky-bent
66edd1c572bffb5347a3fd13cb6b14aa.png,Fat Hen
6757f988834d7ad8c71c82cb1cde0ad2.png,Common Chickweed
687d8984515904a040eb0179321f4bc7.png,Cleavers
6899711d6c8e5b42716fc08cd7b88e29.png,Common Chickweed
689a83dcc3c428af856a9b02d8f6f465.png,Common Chickweed
6917e4d5b96b16719cf8a7a267bc9773.png,Loose Silky-bent
693267ee1a62c113d5e4dde5c1ae26a6.png,Cleavers
698fda8eb015d49f6532059030c14679.png,Scentless Mayweed
69d610cbffe9b1b1341b964e09d88508.png,Fat Hen
69d7dad2d496e042555a8a47bf150c40.png,Small-flowered Cranesbill
6ab8daad4fe71c3d9439a27d4a67cfa7.png,Loose Silky-bent
6aec8dffcdc5d09826fe769f47af5252.png,Small-flowered Cranesbill
6aee0c593363bc6b1ebe6816a679e689.png,Cleavers
6b33a4250c15377b13549e27fb737aec.png,Sugar beet
6b6220de6bd0d4079cb2a8e64d6e3c10.png,Charlock
6b637bab55a4ba82b9026a31507046c2.png,Charlock
6c1c110ada226a8ff18ac7ad0ea1b02f.png,Loose Silky-bent
6c2aaae3bcf8552f60d92fab2c51a456.png,Common Chickweed
6c33b0ee09866091cd764bed49f9eb77.png,Common Chickweed
6d1d0faaec7334f90e1edc538e697ed6.png,Cleavers
6d678ca7193bc158be56c0e5b5698482.png,Fat Hen
6dab647c558e194f32121d5db95d5099.png,Small-flowered Cranesbill
6dd7ba3618e73613a49261e6f665bee9.png,Small-flowered Cranesbill
6e3fe0570338cfe0cfd50196d10061a4.png,Scentless Mayweed
6e41e603e1d8aaddb3b82260637779da.png,Loose Silky-bent
6e59e6283b4a1cbdf91584fb0934a24b.png,Cleavers
6e61a197c3f9cd2439e00c888b7f9d6b.png,Common Chickweed
6e9a03449ff1df0ead4142338480db43.png,Common Chickweed
6eb20ae256967b6ad73a1b0c10af30e4.png,Loose Silky-bent
6f64d26935556f9fe885ae6293bc74e7.png,Scentless Mayweed
6f8ee319ca1572f780d48a9f5bad7cd3.png,Loose Silky-bent
6faa9fce2ccbc2c537d28a2e84c8c887.png,Loose Silky-bent
6fb57ad2c99b785b7e415202ebe8cdaf.png,Scentless Mayweed
6ffa472adbdfe9a6550c89f43853ec08.png,Small-flowered Cranesbill
7011935f948cd410623aa921b0814090.png,Sugar beet
705a2388446c683cf725aee9de5a94fa.png,Fat Hen
707107d63883160f81d9dec52d320622.png,Small-flowered Cranesbill
708ece3f75679a11ff9e95edf933ad10.png,Loose Silky-bent
70ce06332b7469c179e921700a4501cf.png,Small-flowered Cranesbill
71898bda56cb1079e45d11bd758c9f7c.png,Small-flowered Cranesbill
72e422fdaac4dc58eea10e9707381eb5.png,Small-flowered Cranesbill
73f1194499a25bc1fdabe2c7777ab14b.png,Common Chickweed
74238c67c2f89c98604d665812ada78b.png,Charlock
74272581ae1d8a89848a8e7416c74a4e.png,Common Chickweed
746790aa75da422eec0dc65788d166cd.png,Common Chickweed
74697731a27213ec0a24596ba27eff61.png,Scentless Mayweed
74b4b95f0f3b70a14564bed767ada7d1.png,Loose Silky-bent
74d15a8e8c472bd361e8d4c5ae3b0139.png,Common Chickweed
75823d1ec0c142daefb08c15659842f1.png,Scentless Mayweed
75ca64ad201f24e819be3c6789922366.png,Common Chickweed
75d285f692b180fb31ab21faafaae4af.png,Fat Hen
75e62060c0f4d64e5aa4f578867cf5ee.png,Scentless Mayweed
7620aa7d79975c7859b6ce70f10452e2.png,Loose Silky-bent
7676c1602453d37c02de0c22c8bff131.png,Scentless Mayweed
76820ea7dc1b492681d663c459656046.png,Loose Silky-bent
76accaf9d254192effdeea16403a1133.png,Fat Hen
76b7fb648b15a74ff211ed2108da6a94.png,Cleavers
76cd2468f427b5af53d0c5bc25dec2e8.png,Sugar beet
77431c93c791ec7bc63e5982d72b550b.png,Small-flowered Cranesbill
77801a276c63c40a38500b541f9c7a6e.png,Common Chickweed
78877b278be54025cbb1323427ff54b7.png,Charlock
78fc62180345a85acf20cff6cc8e6d38.png,Scentless Mayweed
799c8b2bfe196370ad32b6b66e71af7d.png,Cleavers
7a20266db47d09e25427118b75e63c56.png,Common Chickweed
7abae4161b43d3ae2f89678225571049.png,Common Chickweed
7b7161cf95d06f005d59b032475e9d36.png,Common Chickweed
7b976db894cf3df9829e5cb47c8e4118.png,Loose Silky-bent
7bcb2d1ff5f8d84f6816b0b007ff8d4a.png,Common Chickweed
7c3d0b997eac5eddd2c4fc254d2f9710.png,Loose Silky-bent
7c508dcb52e76c46c5e96510dbc0f681.png,Loose Silky-bent
7c9258158bc30530e5d95b440a33a899.png,Loose Silky-bent
7cb53d0be0c8376a68d05695d8bf3411.png,Loose Silky-bent
7ce2568044fdbd171a4c5a5f55c91123.png,Scentless Mayweed
7d3f090fa9f0b4c246ca18d4a008eed9.png,Loose Silky-bent
7d4d8e64e84fe763fdc6703593395821.png,Maize
7d9e51067d2861225e6fecdb23bf1d13.png,Scentless Mayweed
7da23315958d50c641fabbecd9a3d965.png,Common Chickweed
7dbc5bb0e26c49c74f7dcef1df118045.png,Cleavers
7ed2e2f9928d4bf2fbd1a9733361a304.png,Scentless Mayweed
7ef3e99c96c73287d42658cec0a91091.png,Common Chickweed
7f1e0f80652a5252ec39990fd99e2183.png,Small-flowered Cranesbill
7f59cc233f40382f306f37e017503ed0.png,Cleavers
7f92731cd33c06dbccca6e8afe9e8422.png,Common Chickweed
7fd1b5f92e69ae8aad4958909e08bf2c.png,Common Chickweed
7fe5b419305ea6be440c169178f82e64.png,Common Chickweed
801ed5473dce348fe1de4a0aa927a141.png,Loose Silky-bent
80540226ffda21f2e555ce1bc73c3b23.png,Small-flowered Cranesbill
8058eea0ce1623621276d8f20bbdf7ae.png,Common Chickweed
8074c59dd1185267b22c2118691a25ea.png,Common Chickweed
812bad414c8088cae1fb05f1ef1849a3.png,Cleavers
8178587b75c079c6fe9cdc9f1e9ac906.png,Small-flowered Cranesbill
818c6bd33b9b4ea3b9d5188404cd80be.png,Black-grass
81a38158dcc8825442d7616b98cbed3d.png,Loose Silky-bent
81c8c9219d6f9bbcdc02facb0c073c65.png,Sugar beet
81e72bb20d4901d1420e281986982f59.png,Scentless Mayweed
822997c7ce02df166470bedb4943fd21.png,Loose Silky-bent
823e85d449b58b14968975924dbbe33b.png,Scentless Mayweed
82f842299a26297602f79f4a43a4e79d.png,Loose Silky-bent
831ee62e607e1c35b5e320f76d70b159.png,Fat Hen
838315ac50e1e48e03b3d6f1b3757456.png,Loose Silky-bent
8406a108efb61811736189515b1eb139.png,Loose Silky-bent
84186b5ee3f5b56432bcf5f2be8b268b.png,Small-flowered Cranesbill
842f32ede5cfe858e497a8e716a8be5f.png,Common Chickweed
8438d8d91a73300fb479f7bd175bd225.png,Common Chickweed
84852106ac9841dbe16dbcab80d41b66.png,Scentless Mayweed
84a7c536884014c52b2f723d8756a98a.png,Loose Silky-bent
84aaaf6723c5d7b030586f4f9093cb88.png,Fat Hen
8501a246d44290b202b1992e8de0a919.png,Common Chickweed
851b5a3e346a093bf0b848ca45f74e04.png,Common Chickweed
8572736c75da7a4b918790a1e6cd06d6.png,Fat Hen
85ccfc1a5e8e094f1ac24231f28e22cd.png,Common Chickweed
85f0e601a9e200055b00e5764ddcd013.png,Fat Hen
861ec46be730caf5a22ba81ad32d4e00.png,Common Chickweed
86a821fb44e940d913e044bb5ed32220.png,Common Chickweed
871d2ae49da80d35a3926e827a5428da.png,Cleavers
87c1446cce40639f6180deb07c75b513.png,Scentless Mayweed
87c310cf99ff1c519f30f53eca86c810.png,Common Chickweed
87f43092d15aa21c427cf1d71e4da627.png,Loose Silky-bent
88303c6ce082805c343d433d324ea514.png,Loose Silky-bent
88be35dfd2c79be0f7f03aef7b335208.png,Fat Hen
8954dd950867f71135d88aee40a532f1.png,Small-flowered Cranesbill
8957b4af4c3779e5429bcd1ba2abb8e4.png,Black-grass
89a0c50902d85b49a98833f0b6e0d0d8.png,Common Chickweed
89abcd7febf827cd4bcdc971abfcf5cd.png,Scentless Mayweed
89fa3f772b262961e41d835d9fc20a59.png,Black-grass
8a003029e99064e2d6e99adc693a70bf.png,Scentless Mayweed
8a0443b6fefbeac5344812ea0590528f.png,Small-flowered Cranesbill
8a0d161b6444adc1db41cdf92b031289.png,Black-grass
8a35356bd50d3041e5711ee535e0b7d8.png,Loose Silky-bent
8a4246e2d536375546768fd29145fbaf.png,Fat Hen
8a7b2f2529404d88fffcd0be06fc0275.png,Scentless Mayweed
8b329843238d5803f4778546fdfaac09.png,Common Chickweed
8b3965e8196091e11b426c2415f670a6.png,Fat Hen
8b58e2c3e3ebcd746124e57847a3cc85.png,Loose Silky-bent
8b6112c51a2145d2dd673787031bb873.png,Loose Silky-bent
8b86bb679632604f07a1e40b65aabeb0.png,Common Chickweed
8b966b851ffc902b63bddd7b282c51e3.png,Common Chickweed
8ba8e9111e0674f71346956ccf436595.png,Common Chickweed
8bb4ad06490a239098c30b72cf91bd87.png,Common Chickweed
8cc1e6045278fdc87f38fdb694f89edc.png,Loose Silky-bent
8cd1c3dd4cf7d6a37d1c05e5a728a8b8.png,Small-flowered Cranesbill
8ce16f32104c094741379326d1af7f12.png,Loose Silky-bent
8ceac35045126c5c3b23c9554b045d80.png,Loose Silky-bent
8da71d9048b4cd8a0deb447cdad348eb.png,Loose Silky-bent
8dab521e9963a93c774528c91d7e8134.png,Loose Silky-bent
8e0004a654beaad2b1c0550294f4cea7.png,Fat Hen
8e1be874ff2e4c8e630c41169a4bb829.png,Common Chickweed
8e9f4f423ac126e30e01d2ba6eaad2a8.png,Loose Silky-bent
8eb75df55dc34686247319a7eb019d75.png,Cleavers
8ec2bcd3ae9805a7f40120d113edec98.png,Loose Silky-bent
8ec5846caabb7015501f16d83d2fac55.png,Loose Silky-bent
8f281b8a78820f4a972d787dc4453791.png,Cleavers
8f289f1a3e9ad5b9a77010397cc79232.png,Common Chickweed
8f53bb6c7106ca53640ffa6d817599b5.png,Loose Silky-bent
8f6926dfdbce353f14b1943c948f2de7.png,Common Chickweed
8f8f1c5ca86ce4243e7d13c6104f8db5.png,Loose Silky-bent
8f9c69904d484ccd988eb6779a45f260.png,Common Chickweed
8fa53130f8d8b9c4e3707edb7badd02f.png,Cleavers
8fd3a026c86e37d10c90e885b0f03c0c.png,Small-flowered Cranesbill
9001d536642c4782c4bf5d1d7b96ae03.png,Small-flowered Cranesbill
901cd15dc47d93301e85e94e1cc2c597.png,Loose Silky-bent
902047f2aee19a2b5a3a546d412f7636.png,Small-flowered Cranesbill
9034f0ac05be4b651244ad43e7d862f9.png,Loose Silky-bent
904bfaefc2910e6aeb4912502b0a4bea.png,Small-flowered Cranesbill
9093025fd9e81b5d81328c02818213e1.png,Common Chickweed
90fe6fca79c63d13ceccb55d93294a9e.png,Common Chickweed
9109665ff8190b57ac318755dd2e4efa.png,Fat Hen
9124491ce7a4b4467d9401bdbff25d96.png,Common Chickweed
914adb5a925eb3128f1e40104ca2cf3c.png,Loose Silky-bent
91f44c47b11a39534e7b8e8cd380da0c.png,Loose Silky-bent
9280b0d693d33343bdb3989a932fec05.png,Small-flowered Cranesbill
92f13158d94aa53fb7ec13a32f106b7b.png,Loose Silky-bent
93261b3c6041f6f7c2e53a312dec28f4.png,Loose Silky-bent
932d7cace38ba320d2b01d204728fbb7.png,Fat Hen
93a06baebfc5849f506b266189282ca1.png,Sugar beet
93a2ff80f2dc26e7c8f3cb8d1e297216.png,Loose Silky-bent
93e4a548855ae4f332efd6939fbf1337.png,Loose Silky-bent
9429b68869522c24bcf31a0f39c84c59.png,Loose Silky-bent
94a690b75260c76490481c0e48709475.png,Loose Silky-bent
956a5165d3ae49e82bcd82ddb3bc7935.png,Common Chickweed
9595efa99a92fc4678cfde7726a65806.png,Scentless Mayweed
959c397efbade4f8338e024c9e2628c1.png,Fat Hen
95b835bcbd9a7b75913079796332da9b.png,Fat Hen
965ce1b5aae6d84474732d8262d80871.png,Loose Silky-bent
96b5e5235477afbe7bf50bda62b5d8a2.png,Scentless Mayweed
96eace2897ab32a064b925c23dc9226a.png,Loose Silky-bent
9716e56e6a78d5e9fd9eb0a7131e2da5.png,Common Chickweed
97d0ba6a7f5689f9953a13e857cc1b47.png,Loose Silky-bent
97ee8dcaba9ccbd50205609b37eaa85b.png,Loose Silky-bent
981c7cdc3b566d88a812a1ef1eff1796.png,Scentless Mayweed
982f8a1a5dcd8deeb27f6cd6adab1d38.png,Common Chickweed
9838a0bba66d0ab7f6d1595b9ae9e8ff.png,Small-flowered Cranesbill
9848b5b06b144a5922c8be89d1e6949b.png,Fat Hen
98a196f7eedd1121fc78c8209b505494.png,Scentless Mayweed
98cf0a987a05583e3ea60b4ec2e4f7e8.png,Loose Silky-bent
98f6c1916b76da84ad3747bea2255f08.png,Sugar beet
99bd5dbb3f652ff0f7d1925cb204abf3.png,Cleavers
99c480cc44dd8568c9f06a83025aa71e.png,Loose Silky-bent
9a112a2d47d8d24fa886b19d980d9a08.png,Loose Silky-bent
9a839c76f449a82baed23e47a8838a8b.png,Cleavers
9a9379db79cca306a5bec9e21bb90244.png,Common Chickweed
9be125b9fdedc211b209ff4f002a8d2b.png,Charlock
9be1cd73d8a1aa73cae2df47d74d0e33.png,Loose Silky-bent
9c2e71d545bb1c195e90404369ad701a.png,Loose Silky-bent
9c2ff347c047c399d27c9d436af6aed0.png,Fat Hen
9c33ea0683cd031ec3ce2cb0d8ce5006.png,Cleavers
9c988ea7e1ef1c99eeb83dfd1c2bba07.png,Loose Silky-bent
9c9dfe29e068919c9a044bea66c44cb2.png,Small-flowered Cranesbill
9cef17cae49c18c164a31c6b6228bb09.png,Scentless Mayweed
9cfc5576f40a5efb02933f3886d73509.png,Common Chickweed
9daf20e153523fe5b92eab6a24fe4fb2.png,Small-flowered Cranesbill
9dc92595c132ac8bb68529c4ce6e05af.png,Sugar beet
9e021f18d2699d9bc22fd9a943257d31.png,Loose Silky-bent
9e0cd0eba6e04bc9b5f6efc5b56d3852.png,Small-flowered Cranesbill
9e38479a5e6f5c6d1e192f57c1657f19.png,Small-flowered Cranesbill
9e992f308f27db71feddf2346d81c01c.png,Small-flowered Cranesbill
9ebc603789467eb2079a33ef34158faa.png,Small-flowered Cranesbill
9eecf6f8df9ec5ea964c3e733edb9f02.png,Scentless Mayweed
9f5f92706f6cabb43a8cd67db24d173a.png,Small-flowered Cranesbill
9ffc0cd68bcf7d063a45603148405326.png,Charlock
a005e228ca3e6c981b1cd7a72e7ee08b.png,Fat Hen
a0557d96bec42b9f121ac6cb796a2c75.png,Scentless Mayweed
a0a10fd76acd735fb0375d8bf9c6cd58.png,Loose Silky-bent
a0b1a4e9fa36f326feeb74e7efec173c.png,Black-grass
a0bfef43eb0e40c5b34190c47acc503e.png,Small-flowered Cranesbill
a103aacaad13c7143355ab40d90fc50f.png,Loose Silky-bent
a12969dddece98c286fd44120524587b.png,Small-flowered Cranesbill
a12994b9fd19f963328296b030d0ff97.png,Scentless Mayweed
a12be4f554a6906facd58d6738a66479.png,Loose Silky-bent
a1402383b52c4e83ed87bcda03eeda94.png,Maize
a189d604e47156612f95e7e1c41e9caa.png,Fat Hen
a18f13842b243e32126398e993b156ae.png,Charlock
a1cac63f10071ba94daf90fe9fddce94.png,Cleavers
a23f6b67dad5c49b12c83d2f2e946b65.png,Scentless Mayweed
a24434f35c96b79bee83144c35c9fe8f.png,Black-grass
a265ad8f92f8d040f3161f5288029db5.png,Common Chickweed
a27e1c32108f765bf7019517e902a6b1.png,Loose Silky-bent
a27fb84c6c1025a4d608ea393b30fc60.png,Loose Silky-bent
a2c378c1d9a0edeedf35504844425a2c.png,Cleavers
a344755b002a615571693b83254bb1f6.png,Loose Silky-bent
a370fff0aa6eafa8b4b78e4f487e735e.png,Shepherd’s Purse
a3c2f53abbd80cfe45356b7c27c6bda0.png,Common Chickweed
a3d87f99c565bb91ec57ae2fb1606a02.png,Small-flowered Cranesbill
a406273f5e8f9ed471cc70154260ee8d.png,Scentless Mayweed
a490254c6154497e10ff9dacf681bba7.png,Scentless Mayweed
a4e9f0a71811f3b3cc4b4bcd3ffc3678.png,Scentless Mayweed
a587cda56d1838aa20c41e00a5d15e00.png,Scentless Mayweed
a5aeffa52cc2e2dbeb56859ae1804ac9.png,Common Chickweed
a60b6c42557713f6a595765f9ded7efe.png,Loose Silky-bent
a6173abad8375f1b5140d64d68e3a3cd.png,Scentless Mayweed
a62815cebfa7a18e649a1bbfb91f3922.png,Small-flowered Cranesbill
a634c4f8bcc22714a16f700850764acd.png,Loose Silky-bent
a68b8fa5a724f210bb547b7b57c45937.png,Small-flowered Cranesbill
a6a53c919716951544d5ebbd0cf909ca.png,Charlock
a6f13b109b8ab97fcfd4d47c1a6287e8.png,Common Chickweed
a71d841d1595e89904fbad40393a0278.png,Scentless Mayweed
a76bc4e671dfe57ec8cb6fbd8b5f4c50.png,Loose Silky-bent
a79b7cab7c3c737b465d266d1167b756.png,Shepherd’s Purse
a819004eb90d53611651823ab5a7db88.png,Loose Silky-bent
a8280c6ff90a98cae6e5eca377d80b5a.png,Black-grass
a871a2a33dee1d17b2dd2f1667436f2f.png,Loose Silky-bent
a87966f7b6fc40b26272ee2172a45dbc.png,Small-flowered Cranesbill
a8c1ca0fd3f6a015810e9f8dbae938c7.png,Loose Silky-bent
a9321fdd855919641fb73c3042611c30.png,Loose Silky-bent
a95d8ad5dba99cd4c3f747f392a371ea.png,Loose Silky-bent
a990aacfaca0e9198400c982cf05d098.png,Small-flowered Cranesbill
a992fd03d0ada70df59a825dbd3a37d4.png,Common Chickweed
aa9d6200539b688f05b096488edb78b6.png,Scentless Mayweed
aaaf2e8da77ec20d9face66404dbef2c.png,Scentless Mayweed
aade925f1d326360869a8a360539a684.png,Small-flowered Cranesbill
ab11c604f89490c4cd6f9288b13fee56.png,Scentless Mayweed
ab1c41163639607cbad319949244a9d3.png,Small-flowered Cranesbill
ab3f4cdb8bb795b288a73e708b446220.png,Loose Silky-bent
ab841c6f4a836258eb7a2d144270f605.png,Fat Hen
ac004693cd9318c65b4949c5da3c16d9.png,Cleavers
ac419907c99308f1bd57a766068de295.png,Common Chickweed
ac46ab251fba6936b6c445fa93b06e40.png,Scentless Mayweed
ac82227dde30056622816d2b6d3e6479.png,Common Chickweed
acfa6b972e052aa5340c99c5acc7ae01.png,Small-flowered Cranesbill
ad31f6800c02c2de3d2ca7528bcdd8ae.png,Loose Silky-bent
ad762ec42cd28d618677223a966c5d69.png,Small-flowered Cranesbill
ad97555c50ee66c7f1fc00158d92e7ae.png,Loose Silky-bent
ade0d3bedd628049532161fffeb085c6.png,Fat Hen
ade7c9ed3d2e0c95ef6cdfca6d3e723c.png,Common Chickweed
ae8e3b70b953df5a840ef2a12c480857.png,Common Chickweed
aeb6ae81e4870ee6acc8caad2b4b51b1.png,Scentless Mayweed
af103d30cb0d5de959ca464ca008b6df.png,Sugar beet
af1f5e7bb4371d4f3019d637cb853a86.png,Loose Silky-bent
af24ab5012ddfee9712e1b8552f72c87.png,Loose Silky-bent
af551dadd56d7b6da8e4fc442c99a311.png,Cleavers
af8b1352d0211ac10de830a7771e65e8.png,Common Chickweed
af94c33ff8f66d5d07ae4c9b795d67f1.png,Common Chickweed
afb382f451881529b365550d99f25f86.png,Common Chickweed
afda3ca66571b41423784486b67cac82.png,Loose Silky-bent
afed6af8533ec1aced1bbbd890a9f6f5.png,Maize
b02c21b0207f9212fb54c6af1477c987.png,Black-grass
b02f8cf46c1548d3eaa3473b321d9666.png,Scentless Mayweed
b06d53efeb9bd570ebe431223aad9954.png,Scentless Mayweed
b07bc7982779335042e6698e213e2f14.png,Fat Hen
b0881231d1f586db9498070fe2bb93e4.png,Loose Silky-bent
b0e87efdd1aa4561086b83b86d8945f2.png,Loose Silky-bent
b1141c376fa2637c3c965ef1c39a2bf3.png,Fat Hen
b149948d05c0ccbc8fd9c85deb58753c.png,Shepherd’s Purse
b1e12c974234ae99671303dc152775f5.png,Loose Silky-bent
b2256e966c72a952715977f6e2bf8019.png,Scentless Mayweed
b25f0e2344b1e051282d48d018a4323a.png,Cleavers
b2675f2108aabebb7fac03d42132bd0a.png,Loose Silky-bent
b283c271ad50667ec505d44abaf6a4a3.png,Scentless Mayweed
b2848783d5e8e04e3c58dca0879e1356.png,Sugar beet
b2f63e130272635057d31b22754f5dbb.png,Common Chickweed
b319fce78a01230945087fb6ea9e4c15.png,Common Chickweed
b32bf8473b3242d6439e0c284f41faeb.png,Small-flowered Cranesbill
b333cc38817b17b847f2107271816170.png,Loose Silky-bent
b35a3919cc030a678f32ec4e3dc9a2f3.png,Scentless Mayweed
b3a8e7f2340af30ddf94dc4933222a59.png,Loose Silky-bent
b483d7a8f0d7757a75ae3576e54b2088.png,Small-flowered Cranesbill
b4eb193283b36aac2630ad8d690bb59c.png,Cleavers
b59d593d82958c6dba7d416b1561acd2.png,Common Chickweed
b5a9c225f8a54e6746f98afaf7bb2346.png,Common Chickweed
b5cc4a96252cd247ed7d979863a2f66e.png,Loose Silky-bent
b5d686e15b43b0642c6008926495865b.png,Cleavers
b62e74828396f204c81be8eb370dddb0.png,Loose Silky-bent
b6482c3faa76a2bf6bc1e43917da43d0.png,Common Chickweed
b653fd63b44aac6e4742871c173cd20a.png,Charlock
b74b4a5802418b000a4fd55b88bf0ffc.png,Loose Silky-bent
b7f265b47477f6aa8ef42d604f78b3f2.png,Loose Silky-bent
b7f6e80045cca97fc798b5554f2b3e55.png,Common Chickweed
b8017147ba4703f81d64246710c76514.png,Loose Silky-bent
b80288b546b4998f527183ad9b8126e8.png,Scentless Mayweed
b83cd7b950812f9ab70d3d456e6a0cef.png,Fat Hen
b84b4d2ba11827a700a1078af8977766.png,Loose Silky-bent
b85abc1a53e711f696265d54900ca519.png,Fat Hen
b87546edb5c94f8a02536a113ac70929.png,Loose Silky-bent
b8c2d139cd91fd2c74aac000ce8e2d7b.png,Loose Silky-bent
b8fbb19f96059df697ff193f388ec427.png,Scentless Mayweed
b9152f48f78e532d887071fb7dc43e9b.png,Loose Silky-bent
b916501e8d7e00c7d75cd3bcca4dad24.png,Loose Silky-bent
b96165be227521231af94a1a3aebd942.png,Cleavers
b96d52bd7e516c3529f7891ec923d42f.png,Small-flowered Cranesbill
b9a6e94ea1848c766478c586402bee3b.png,Sugar beet
b9e0e76c1c6bdec6ac653da2ef29a5c0.png,Fat Hen
ba0121814dc50dba3efc051461b45178.png,Fat Hen
ba1c640b1c12bc390e3ca360810aee11.png,Small-flowered Cranesbill
ba29443c94906d73070a4217d5ccb085.png,Loose Silky-bent
ba400b523ed83d57db7bccbd47424b81.png,Common Chickweed
ba75ab709b2f20ab42942ec9c1311cda.png,Common Chickweed
baabd8fce146b42a3b805177315def74.png,Sugar beet
bac3f3798eaa145bc01fe81bea3f2867.png,Cleavers
bb0f6de194f1248393d6c13517c08113.png,Loose Silky-bent
bb1b2dbea25ae177730854d57919bbfe.png,Common Chickweed
bb3295e903797f5bad729ae1edf8a761.png,Scentless Mayweed
bb3b63d12bd68d3624d0d969b0a87952.png,Fat Hen
bbf8f61f39d6b5729bf7700c5ff3669e.png,Scentless Mayweed
bcfc08a0e58f124a4f79e206ad7ad38d.png,Loose Silky-bent
bd2bf70cd197069c99d3c96a5f3a5133.png,Loose Silky-bent
bd971e857c0bf211944418f12896cc35.png,Common Chickweed
bdb19af8821e7d03606d08f505492f75.png,Cleavers
bdc9dc5c74a405aa1fa027dcea19265b.png,Scentless Mayweed
bdd20e1937b67f03d986bdfbcaa3cdba.png,Small-flowered Cranesbill
be23ce3352a924a400632c4d31544c89.png,Loose Silky-bent
be4b1e638f439cd9c07862513878e889.png,Common Chickweed
be6e146d88c85d8078143277f6bc5e75.png,Loose Silky-bent
beb94018ecc07b179309c5756a5f4df3.png,Small-flowered Cranesbill
bee524bca83f48eab0ead9d8e9458a2f.png,Loose Silky-bent
bee689220a2e9a175e37c28eccec0e91.png,Small-flowered Cranesbill
bf0de34572042f0a1f7670569bf1dd90.png,Cleavers
bfc4a3f9d821e41302a64159259fc43f.png,Loose Silky-bent
bff9b5d619a26e81d8e36a506205151e.png,Loose Silky-bent
bffab488370969822dd90a53f28771fe.png,Loose Silky-bent
c009a7985999abedfa0fe32cab4500ff.png,Loose Silky-bent
c04aac4376abf0f00d53241228e90f5e.png,Cleavers
c06762110a26af75c9e9afb980d6696c.png,Loose Silky-bent
c094d095a433608405047c0e28f11eda.png,Fat Hen
c1060caa2866a86bd595214cbfab0197.png,Loose Silky-bent
c118348442504d6cda30579acccbea36.png,Small-flowered Cranesbill
c11bef969044dd7bb3a1143ac65ba604.png,Loose Silky-bent
c12135b86fe0b865e5b462c66e18f1ee.png,Sugar beet
c1467bc8e3bf9d4760a290fe04575160.png,Cleavers
c161955da2c80e3bc88cf41334754f15.png,Scentless Mayweed
c17bd2b0404754f2258e2906742e8535.png,Common Chickweed
c1cf56bd50f238e26b5fe6b0c5ad0523.png,Loose Silky-bent
c1d856b0373d672a5a211e3fd2d9483d.png,Cleavers
c1de6041371aae15b00196f6bba7fd76.png,Loose Silky-bent
c20f6a61bd4bbb3ef88dea5d4f42e955.png,Loose Silky-bent
c222952973491d15cdbdd058236ccaeb.png,Loose Silky-bent
c276b9e5cb1407d068262d0fc3e00fa9.png,Loose Silky-bent
c33de7ebc348481d9e5c6e58817701fc.png,Common Chickweed
c3bb28cb274f4170240b4afd67924914.png,Scentless Mayweed
c3cf14a9aa49ffb623af0d382ef43e63.png,Fat Hen
c3d88b65234badc8a077628b762021f3.png,Loose Silky-bent
c4053b80c0ab34e085c7fc00ec1ba072.png,Common Chickweed
c4c1ed7ca6fad6752f0bdd2b0a77a614.png,Small-flowered Cranesbill
c55ff1917d14f48f183800c23514e586.png,Black-grass
c58d8e55e8e9c6d345a13c2f158ab6cf.png,Loose Silky-bent
c59d7e9536108dde666a69b1ddcec7b2.png,Common Chickweed
c59f41cb039e392a255effe857f1e288.png,Common Chickweed
c5bc16150e2f3303c6ebf77b20954cca.png,Loose Silky-bent
c60ffae5509b028676e8fa87fc8d1956.png,Common Chickweed
c623a313e780b913cf662ea6d42f6d30.png,Fat Hen
c65472eaf67a6f6dc77965c18be1fdbf.png,Common Chickweed
c6c6179480676082be0f3ca109570b92.png,Scentless Mayweed
c74f05d700b5f2a8f901430a02ff3f92.png,Scentless Mayweed
c75b7e5988226a95c037845c50286f14.png,Loose Silky-bent
c75e98b4f7664a4eedfb712d1ed66e44.png,Loose Silky-bent
c77874f1ca86919e9f7b2e8983e2d925.png,Small-flowered Cranesbill
c78a43348b4f7131dec35f69f8061d9f.png,Scentless Mayweed
c7e821c13c26b00b45ef5fa21afcd5be.png,Common Chickweed
c86d70bfbe6d1eca97547868fb931268.png,Cleavers
c876c208949ace159a058e36d58763a0.png,Charlock
c92562f3054b8c33ea40381dee1a9a86.png,Loose Silky-bent
c977c34cf340532861024fdf50e84553.png,Loose Silky-bent
c9d404c6099ad64a837af58e1f51a82f.png,Common Chickweed
ca0e7eb947174efe03cf5739620cbe40.png,Loose Silky-bent
ca1779d7a61c2ceec329e3a0bbce6bae.png,Charlock
cb5fc4c93a93066d92f4bff046d18a12.png,Common Chickweed
cbc66aadeb104eec4dd05ddbce1f41eb.png,Fat Hen
cbeb3e89761e11bbc0189518d82067de.png,Charlock
cc168fd7c99bf286ac336e5ad2920229.png,Scentless Mayweed
cc52eeda8dec6c8a69242906f8d19752.png,Loose Silky-bent
cc93f5b34a8e03d8e8997acd40d32514.png,Loose Silky-bent
cc971cfa7297557b24b7bbe72e8d10aa.png,Common Chickweed
cca71b33b17574272e61c54244f91b83.png,Loose Silky-bent
ccaabf8f53964f59eb48d2d718010782.png,Loose Silky-bent
cd15d16dd9c32031fb23a22c15a7f7aa.png,Charlock
cd6b63c675e35198c2d7c1cb458b2058.png,Small-flowered Cranesbill
cd7a964d35808fef966509ce984784a4.png,Scentless Mayweed
cd989f7da77e9d0825367cd34e923a47.png,Fat Hen
cda802ede576dd64ca431f644fe4ad5d.png,Fat Hen
cdf80efd8aaa8111ff1820108464f691.png,Charlock
ce369462cb7eca42c6edf5030b51f68f.png,Common Chickweed
ce5e0d7997fc68a2546899bb1ac89ad2.png,Common Chickweed
cf3cdffe6b631f48cfb4f3fea20d2e0a.png,Fat Hen
cf4bd250bca8ee8bad5919d11347192d.png,Cleavers
cf951c47ec3005c308104d6a1a303730.png,Loose Silky-bent
cfb86bdf0d0c9437d9d425fca1501fb0.png,Loose Silky-bent
cfe9187cb4a5efd6576c7bceb7f73ab2.png,Charlock
cff9f4de1c9b24fec8d31a1b08e8493a.png,Small-flowered Cranesbill
d01c4d50a8bab70ef95f98e2413404ae.png,Loose Silky-bent
